{"TD3": {"mean_episode_reward": 0.00567081912794265, "std_episode_reward": 0.004080194262414526, "variance_episode_reward": 1.6647985219040422e-05, "total_episodes_reward": 0.0567081912794265, "max_episode_reward": 0.015310020653714673, "min_episode_reward": 0.0027984997223029495, "episode_count": 10, "all_episodes_rewards": [0.0031539593674096977, 0.0027984997223029495, 0.009166452545400716, 0.00307747185252083, 0.002998562843458785, 0.015310020653714673, 0.0031183125997813477, 0.0029767789947072743, 0.009819486753258388, 0.0042886459468718385], "episodes_per_env": [0, 2, 5, 3]}, "SAC": {"mean_episode_reward": 0.005045318848360125, "std_episode_reward": 0.0029887883944318292, "variance_episode_reward": 8.93285606669039e-06, "total_episodes_reward": 0.05045318848360125, "max_episode_reward": 0.01003356524188348, "min_episode_reward": 0.0012179300420029904, "episode_count": 10, "all_episodes_rewards": [0.0016065408271970227, 0.002812040056596743, 0.0012179300420029904, 0.003763345602322943, 0.00725840401946698, 0.009718863019998025, 0.005915079314263494, 0.0030845487676742778, 0.01003356524188348, 0.005042871592195297], "episodes_per_env": [1, 4, 2, 3]}, "PPO": {"mean_episode_reward": 0.07987969887244617, "std_episode_reward": 0.07136448738318135, "variance_episode_reward": 0.00509289005946425, "total_episodes_reward": 0.7987969887244617, "max_episode_reward": 0.19760045269140392, "min_episode_reward": 0.006877368925415794, "episode_count": 10, "all_episodes_rewards": [0.11541930673411116, 0.12063983944244683, 0.06045215725316666, 0.07106087939973804, 0.006877368925415794, 0.19760045269140392, 0.1967768045142293, 0.00714824948227033, 0.015347890673183429, 0.007474039608496241], "episodes_per_env": [2, 2, 4, 2]}, "A2C": {"mean_episode_reward": 0.15824663745269602, "std_episode_reward": 0.13343438912533248, "variance_episode_reward": 0.01780473620125065, "total_episodes_reward": 2.057206286885048, "max_episode_reward": 0.42026966720004566, "min_episode_reward": 0.013052262569544837, "episode_count": 13, "all_episodes_rewards": [0.25369786529336125, 0.2536222811904736, 0.40720085821521934, 0.42026966720004566, 0.16225320076409844, 0.1632327084953431, 0.013052262569544837, 0.014983516142820008, 0.06582654762314633, 0.09638195120714954, 0.013197083742852556, 0.09665940817649243, 0.09682893626450095], "episodes_per_env": [2, 5, 3, 3]}, "random": {"mean_episode_reward": 121.18882889594674, "std_episode_reward": 37.714144912928376, "variance_episode_reward": 1422.3567265133613, "total_episodes_reward": 1211.8882889594674, "max_episode_reward": 193.73410303701905, "min_episode_reward": 76.45240214635992, "episode_count": 10, "all_episodes_rewards": [159.58245263978725, 193.73410303701905, 94.1357748283945, 88.5890248725273, 96.02411497740783, 90.54836259162445, 133.23903687956985, 165.10246851934704, 76.45240214635992, 114.48054846743021]}}