{"A2C": {"mean_episode_reward": 0.1513361340701181, "std_episode_reward": 0.18380440074810614, "variance_episode_reward": 0.0337840577343704, "total_episodes_reward": 1.5133613407011808, "max_episode_reward": 0.40853165361477295, "min_episode_reward": -0.001351611499558203, "episode_count": 10, "all_episodes_rewards": [0.3005961052222119, 0.016037603563745506, 0.38693761379181524, 0.39953374257493124, 0.0005887781277351678, 0.0014232749090297148, -0.001351611499558203, -0.0001015504531096667, 0.40853165361477295, 0.0011657308496069163], "episodes_per_env": [2, 4, 1, 3]}, "DQN": {"mean_episode_reward": 435.95620154738424, "std_episode_reward": 156.8803065909756, "variance_episode_reward": 24611.430596078506, "total_episodes_reward": 4359.562015473843, "max_episode_reward": 615.4776960611343, "min_episode_reward": 114.99791616201401, "episode_count": 10, "all_episodes_rewards": [528.7305862903595, 425.34373593330383, 500.424360871315, 114.99791616201401, 591.3141947984695, 535.3978134393692, 184.89490115642548, 410.2788509130478, 452.70195984840393, 615.4776960611343], "episodes_per_env": [10]}, "TD3": {"mean_episode_reward": 1.1240906912523012, "std_episode_reward": 1.0114584585158, "variance_episode_reward": 1.0230482133031584, "total_episodes_reward": 13.489088295027614, "max_episode_reward": 3.651408846490085, "min_episode_reward": 0.3293346483260393, "episode_count": 12, "all_episodes_rewards": [1.929884041659534, 1.92566242441535, 1.92216432467103, 0.3453057901933789, 0.34452897123992443, 0.34075541235506535, 0.33326562866568565, 0.674205913208425, 0.33693618699908257, 1.3556361068040133, 3.651408846490085, 0.3293346483260393], "episodes_per_env": [3, 1, 3, 5]}, "PPO": {"mean_episode_reward": 0.24117566669010557, "std_episode_reward": 0.2556618527161452, "variance_episode_reward": 0.06536298293425194, "total_episodes_reward": 2.4117566669010557, "max_episode_reward": 0.7232952740159817, "min_episode_reward": 0.007713032216997817, "episode_count": 10, "all_episodes_rewards": [0.2669448369415477, 0.10748802166199312, 0.469718443317106, 0.0974340493849013, 0.007713032216997817, 0.6264105477603152, 0.07757729692093562, 0.024736669918638654, 0.010438494762638584, 0.7232952740159817], "episodes_per_env": [5, 1, 3, 1]}, "SAC": {"mean_episode_reward": 0.3188045026094187, "std_episode_reward": 0.27084476141151825, "variance_episode_reward": 0.07335688478406224, "total_episodes_reward": 3.188045026094187, "max_episode_reward": 0.785232056863606, "min_episode_reward": 0.0549536295584403, "episode_count": 10, "all_episodes_rewards": [0.40557497867848724, 0.0549536295584403, 0.5243948049028404, 0.06828958331607282, 0.0685274334391579, 0.06966694403672591, 0.7390695996000431, 0.785232056863606, 0.33326129970373586, 0.1390746959950775], "episodes_per_env": [1, 4, 3, 2]}, "random": {"mean_episode_reward": 22.180359087857433, "std_episode_reward": 16.768000388274874, "variance_episode_reward": 281.1658370211863, "total_episodes_reward": 221.8035908785743, "max_episode_reward": 51.772108863252946, "min_episode_reward": 5.063512730925425, "episode_count": 10, "all_episodes_rewards": [20.11519330679939, 5.063512730925425, 24.819132910551666, 7.597031063259517, 8.54868652198828, 45.007598296313056, 51.772108863252946, 10.427488005214276, 7.408412272002607, 41.04442690826714]}}