{"learning_rate": 2.800319113730779e-05, "gamma": 0.9725621191205642, "n_steps": 1024, "batch_size": 512, "n_epochs": 6, "gae_lambda": 0.8853168849397277, "clip_range": 0.3615149739169723, "ent_coef": 0.02188026595823799, "policy_kwargs": {"net_arch": [64, 64]}}