{"learning_rate": 5.028484280647138e-05, "gamma": 0.9620482119992559, "buffer_size": 2500000, "batch_size": 128, "tau": 0.015703778837213304, "policy_kwargs": {"net_arch": [512, 512]}}