{"A2C": {"mean_episode_reward": 0.4505815402430017, "std_episode_reward": 0.2961501523427768, "variance_episode_reward": 0.08770491273264991, "total_episodes_reward": 4.5058154024300165, "max_episode_reward": 0.9914624736702535, "min_episode_reward": 0.12024274237046484, "episode_count": 10, "all_episodes_rewards": [0.12024274237046484, 0.2512322555267019, 0.38317653743433766, 0.1653279706952162, 0.6918956754816463, 0.29639879571914207, 0.8710543385823257, 0.17114931196556427, 0.9914624736702535, 0.563875300984364], "episodes_per_env": [3, 1, 4, 2]}, "DQN": {"mean_episode_reward": 466.7228590011597, "std_episode_reward": 127.18143595706307, "variance_episode_reward": 16175.117652100535, "total_episodes_reward": 4667.228590011597, "max_episode_reward": 592.0618195533752, "min_episode_reward": 111.87230968475342, "episode_count": 10, "all_episodes_rewards": [480.87229776382446, 422.24572563171387, 491.9605438709259, 494.62409031391144, 571.0872867107391, 502.1611497402191, 532.9063267707825, 111.87230968475342, 467.4370399713516, 592.0618195533752], "episodes_per_env": [10]}, "TD3": {"mean_episode_reward": 0.3374216468496756, "std_episode_reward": 0.09032084039922177, "variance_episode_reward": 0.008157854210421691, "total_episodes_reward": 3.7116381153464317, "max_episode_reward": 0.6224097451195121, "min_episode_reward": 0.29818727634847164, "episode_count": 11, "all_episodes_rewards": [0.3003399698063731, 0.3002881295979023, 0.29818727634847164, 0.3140946067869663, 0.3135040458291769, 0.31144772469997406, 0.6224097451195121, 0.31009277421981096, 0.31551028974354267, 0.3117278544232249, 0.31403569877147675], "episodes_per_env": [3, 3, 3, 2]}}