{"random": {"mean_episode_reward": -45.018050428413204, "std_episode_reward": 41.970555528383734, "variance_episode_reward": 1761.5275313611423, "total_episodes_reward": -450.18050428413204, "max_episode_reward": 10.031428016694447, "min_episode_reward": -130.79627262544076, "episode_count": 10, "all_episodes_rewards": [-53.782660824519716, 10.031428016694447, -16.107636613154213, -62.20455948164662, -130.79627262544076, -96.15376637475747, 7.170645408646452, -43.6777161542939, -18.97655098211236, -45.68341465354792]}, "PPO": {"mean_episode_reward": 0.08912266288793944, "std_episode_reward": 0.08789312528717325, "variance_episode_reward": 0.007725201472746734, "total_episodes_reward": 0.8912266288793944, "max_episode_reward": 0.25275066136282476, "min_episode_reward": -0.002684296836378053, "episode_count": 10, "all_episodes_rewards": [0.047057671239599586, 0.04493780780467205, 0.0011656314491119701, 0.026173312566243112, 0.20566219582542544, 0.14562308954555192, 0.015180666487140115, -0.002684296836378053, 0.1553598894352035, 0.25275066136282476], "episodes_per_env": [4, 1, 3, 2]}, "DQN": {"mean_episode_reward": 401.7316606969631, "std_episode_reward": 403.7442928969806, "variance_episode_reward": 163009.45404688286, "total_episodes_reward": 4017.316606969631, "max_episode_reward": 900.1776382680982, "min_episode_reward": -17.970912059303373, "episode_count": 10, "all_episodes_rewards": [-17.970912059303373, 900.1776382680982, 592.5659733436187, 822.1082637463696, 8.128099511610344, 35.19882570626214, -1.3750434331595898, 861.0388682559133, 814.6385246831924, 2.8063689470291138], "episodes_per_env": [10]}, "A2C": {"mean_episode_reward": 1.268125207741453, "std_episode_reward": 0.20692194759007945, "variance_episode_reward": 0.042816692394471584, "total_episodes_reward": 15.217502492897438, "max_episode_reward": 1.639302389754448, "min_episode_reward": 1.094545393520093, "episode_count": 12, "all_episodes_rewards": [1.5154419330065139, 1.5428919091136777, 1.639302389754448, 1.530484751187032, 1.1099078017286956, 1.0969294704618733, 1.1114485024736496, 1.094545393520093, 1.1439988630445441, 1.1417877992971626, 1.1480601343791932, 1.142703544930555], "episodes_per_env": [3, 3, 3, 3]}, "SAC": {"mean_episode_reward": -0.04154162196610992, "std_episode_reward": 0.17130041397686327, "variance_episode_reward": 0.029343831828644737, "total_episodes_reward": -0.4984994635933191, "max_episode_reward": 0.2992384404258246, "min_episode_reward": -0.334250755655944, "episode_count": 12, "all_episodes_rewards": [-0.14854011352872476, -0.09549634037114174, -0.29151029027741515, -0.16484407239336463, 0.1567463301045109, -0.334250755655944, -0.017797741367473918, -0.0005536152966669761, 0.024513806960783313, 0.2992384404258246, 0.038825817767360604, 0.03516907003893266], "episodes_per_env": [2, 4, 2, 4]}, "TD3": {"mean_episode_reward": 0.0362616800578337, "std_episode_reward": 0.04942035241001907, "variance_episode_reward": 0.002442371232330478, "total_episodes_reward": 0.362616800578337, "max_episode_reward": 0.1544377409804838, "min_episode_reward": -0.02158539556512551, "episode_count": 10, "all_episodes_rewards": [-1.5051180071168346e-05, 1.4867215213598683e-05, 0.005653702788549708, 0.06607631457973184, 0.03566031972343353, 0.07516230290275416, 0.0033291553118033335, -0.02158539556512551, 0.04388284382156371, 0.1544377409804838], "episodes_per_env": [3, 1, 2, 4]}}