{"TD3": {"mean_episode_reward": 0.00567081912794265, "std_episode_reward": 0.004080194262414526, "variance_episode_reward": 1.6647985219040422e-05, "total_episodes_reward": 0.0567081912794265, "max_episode_reward": 0.015310020653714673, "min_episode_reward": 0.0027984997223029495, "episode_count": 10, "all_episodes_rewards": [0.0031539593674096977, 0.0027984997223029495, 0.009166452545400716, 0.00307747185252083, 0.002998562843458785, 0.015310020653714673, 0.0031183125997813477, 0.0029767789947072743, 0.009819486753258388, 0.0042886459468718385], "episodes_per_env": [0, 2, 5, 3]}, "SAC": {"mean_episode_reward": 0.005045318848360125, "std_episode_reward": 0.0029887883944318292, "variance_episode_reward": 8.93285606669039e-06, "total_episodes_reward": 0.05045318848360125, "max_episode_reward": 0.01003356524188348, "min_episode_reward": 0.0012179300420029904, "episode_count": 10, "all_episodes_rewards": [0.0016065408271970227, 0.002812040056596743, 0.0012179300420029904, 0.003763345602322943, 0.00725840401946698, 0.009718863019998025, 0.005915079314263494, 0.0030845487676742778, 0.01003356524188348, 0.005042871592195297], "episodes_per_env": [1, 4, 2, 3]}}