{"A2C": {"mean_episode_reward": 0.4505815402430017, "std_episode_reward": 0.2961501523427768, "variance_episode_reward": 0.08770491273264991, "total_episodes_reward": 4.5058154024300165, "max_episode_reward": 0.9914624736702535, "min_episode_reward": 0.12024274237046484, "episode_count": 10, "all_episodes_rewards": [0.12024274237046484, 0.2512322555267019, 0.38317653743433766, 0.1653279706952162, 0.6918956754816463, 0.29639879571914207, 0.8710543385823257, 0.17114931196556427, 0.9914624736702535, 0.563875300984364], "episodes_per_env": [3, 1, 4, 2]}, "DQN": {"mean_episode_reward": 466.7228590011597, "std_episode_reward": 127.18143595706307, "variance_episode_reward": 16175.117652100535, "total_episodes_reward": 4667.228590011597, "max_episode_reward": 592.0618195533752, "min_episode_reward": 111.87230968475342, "episode_count": 10, "all_episodes_rewards": [480.87229776382446, 422.24572563171387, 491.9605438709259, 494.62409031391144, 571.0872867107391, 502.1611497402191, 532.9063267707825, 111.87230968475342, 467.4370399713516, 592.0618195533752], "episodes_per_env": [10]}, "TD3": {"mean_episode_reward": 0.3374216468496756, "std_episode_reward": 0.09032084039922177, "variance_episode_reward": 0.008157854210421691, "total_episodes_reward": 3.7116381153464317, "max_episode_reward": 0.6224097451195121, "min_episode_reward": 0.29818727634847164, "episode_count": 11, "all_episodes_rewards": [0.3003399698063731, 0.3002881295979023, 0.29818727634847164, 0.3140946067869663, 0.3135040458291769, 0.31144772469997406, 0.6224097451195121, 0.31009277421981096, 0.31551028974354267, 0.3117278544232249, 0.31403569877147675], "episodes_per_env": [3, 3, 3, 2]}, "PPO": {"mean_episode_reward": 0.0722286435222486, "std_episode_reward": 0.06228716937631452, "variance_episode_reward": 0.003879691468913693, "total_episodes_reward": 0.722286435222486, "max_episode_reward": 0.24577054999826942, "min_episode_reward": 0.02588380398810841, "episode_count": 10, "all_episodes_rewards": [0.027616495528491214, 0.05344616879301611, 0.02812023542355746, 0.08179464087879751, 0.02588380398810841, 0.09242111867934, 0.030860885977745056, 0.0676947697356809, 0.24577054999826942, 0.06867776621947996], "episodes_per_env": [4, 0, 5, 1]}, "SAC": {"mean_episode_reward": 0.09776527179201366, "std_episode_reward": 0.10103712087021446, "variance_episode_reward": 0.010208499793742326, "total_episodes_reward": 0.9776527179201366, "max_episode_reward": 0.33177994399738964, "min_episode_reward": 0.03290163948258851, "episode_count": 10, "all_episodes_rewards": [0.05269881701678969, 0.07940006950229872, 0.05369070963934064, 0.05458449895377271, 0.0382322735094931, 0.0420854293188313, 0.2593095426709624, 0.032969793828669935, 0.33177994399738964, 0.03290163948258851], "episodes_per_env": [2, 2, 2, 4]}}