{"learning_rate": 0.0005169783761256235, "gamma": 0.963793544923559, "buffer_size": 50000, "batch_size": 256, "exploration_fraction": 0.27245261226195233, "exploration_initial_eps": 0.9013546381692683, "exploration_final_eps": 0.053799698179604644, "policy_kwargs": {"net_arch": [64, 64]}}