{"learning_rate": 2.1540397212050446e-05, "gamma": 0.9347923726175175, "buffer_size": 2500000, "batch_size": 1024, "tau": 0.001427129688548549, "policy_kwargs": {"net_arch": [512, 512]}}